ETA,Max Depth,Subsample,Colsample by Tree,B-cell Accuracy,Basophil Accuracy,Dendritic Accuracy,Macrophage Accuracy,Monocyte Accuracy,NK Accuracy,Platelet Accuracy,MAE
0.3,8,0.6,0.7,0.9821428571428571,0.0,1.0,0.9259259259259259,0.9761904761904762,0.9428571428571428,0.6666666666666666,0.9974874371859297,0.1885911867538751
0.6,6,0.6,0.2,0.9821428571428571,0.0,1.0,1.0,0.9761904761904762,0.9142857142857143,0.6666666666666666,0.9987437185929648,0.18274632089016507
